Loan_ID,Gender,Married,Dependents,Education,Self_Employed,ApplicantIncome,CoapplicantIncome,LoanAmount,Loan_Amount_Term,Credit_History,Property_Area,Loan_Status
LB100000,Male,Yes,2,Graduate,No,38354,116682,2124964,360,0.0,Urban,N
LB100001,Female,Yes,1,Graduate,No,42190,74218,1688509,240,1.0,Urban,Y
LB100002,Male,No,1,Not Graduate,Yes,26142,65344,4054542,300,1.0,Rural,Y
LB100003,Male,Yes,2,Not Graduate,No,48398,33840,2798214,120,1.0,Urban,Y
LB100004,Male,Yes,2,Not Graduate,No,71971,32430,4978083,360,1.0,Urban,Y
LB100005,Female,Yes,2,Graduate,No,61862,23091,4873574,60,1.0,Rural,Y
LB100006,Male,No,3+,Graduate,No,118668,32983,4408502,240,0.0,Semiurban,N
LB100007,Male,Yes,1,Not Graduate,No,73410,23989,1868146,240,0.0,Rural,N
LB100008,Male,Yes,3+,Graduate,No,39503,75451,783455,360,1.0,Urban,Y
LB100009,Female,Yes,3+,Graduate,No,145438,108088,4336405,360,1.0,Semiurban,Y
LB100010,Male,Yes,2,Graduate,No,68456,18990,847219,180,0.0,Urban,N
LB100011,Male,No,2,Not Graduate,No,120167,90270,2486268,300,1.0,Urban,Y
LB100012,Male,Yes,0,Not Graduate,No,102035,80360,4745975,180,1.0,Rural,Y
LB100013,Male,Yes,0,Graduate,Yes,125388,119469,4287793,180,0.0,Urban,N
LB100014,Female,No,3+,Not Graduate,Yes,28016,36081,1924777,300,1.0,Semiurban,Y
LB100015,Male,No,1,Not Graduate,Yes,22384,11033,3171656,60,1.0,Semiurban,Y
LB100016,Female,Yes,2,Graduate,No,82320,108272,4155933,180,0.0,Urban,N
LB100017,Female,No,2,Graduate,No,35072,16241,2626729,180,1.0,Rural,Y
LB100018,Female,Yes,3+,Not Graduate,No,122239,5939,4207129,240,1.0,Urban,Y
LB100019,Male,Yes,0,Graduate,No,131431,113000,395556,300,1.0,Semiurban,Y
LB100020,Female,No,1,Graduate,Yes,100018,47562,2197883,120,1.0,Rural,Y
LB100021,Male,No,0,Graduate,No,60510,35063,3769992,60,1.0,Semiurban,Y
LB100022,Female,No,0,Not Graduate,No,68933,100000,1855537,60,1.0,Rural,Y
LB100023,Female,No,0,Not Graduate,Yes,41826,76721,952755,300,1.0,Urban,Y
LB100024,Female,Yes,0,Not Graduate,No,88026,27045,3966344,360,1.0,Semiurban,Y
LB100025,Female,Yes,2,Graduate,No,141668,116634,3826362,360,0.0,Urban,N
LB100026,Female,No,2,Not Graduate,No,131628,44769,1043088,240,0.0,Semiurban,N
LB100027,Female,Yes,0,Not Graduate,No,45518,47118,2895834,240,0.0,Rural,N
LB100028,Female,No,1,Graduate,No,44045,84703,359778,300,1.0,Urban,Y
LB100029,Female,No,3+,Not Graduate,No,70876,101948,1394409,240,0.0,Semiurban,N
LB100030,Male,No,1,Graduate,No,112446,21625,2953528,60,1.0,Urban,Y
LB100031,Male,Yes,1,Graduate,No,110102,104724,4404399,60,0.0,Semiurban,N
LB100032,Female,Yes,1,Graduate,No,71919,27076,1813083,120,0.0,Semiurban,N
LB100033,Female,Yes,0,Graduate,No,119441,64805,3642103,360,1.0,Rural,Y
LB100034,Female,Yes,2,Graduate,No,47103,44605,2473513,300,1.0,Semiurban,Y
LB100035,Male,Yes,1,Graduate,Yes,138805,84565,1698949,180,0.0,Urban,N
LB100036,Female,Yes,0,Graduate,Yes,56188,88509,822154,360,1.0,Urban,Y
LB100037,Male,Yes,1,Not Graduate,No,25845,39121,3768582,180,1.0,Urban,Y
LB100038,Male,Yes,1,Graduate,Yes,106698,65101,1311930,120,0.0,Urban,N
LB100039,Male,Yes,0,Graduate,No,56674,31433,1379525,120,1.0,Urban,Y
LB100040,Male,Yes,2,Graduate,No,138325,43309,2085818,240,1.0,Rural,Y
LB100041,Male,Yes,2,Not Graduate,Yes,39337,67468,3251720,120,0.0,Semiurban,N
LB100042,Female,No,3+,Graduate,No,42313,44254,1460117,120,1.0,Semiurban,Y
LB100043,Female,Yes,0,Graduate,No,46943,67293,2382963,180,1.0,Urban,Y
LB100044,Female,Yes,3+,Not Graduate,No,97949,96258,4556146,240,1.0,Rural,Y
LB100045,Female,Yes,3+,Graduate,No,20276,37853,2885171,120,0.0,Semiurban,N
LB100046,Female,No,3+,Graduate,No,71151,38405,1581506,360,0.0,Urban,N
LB100047,Male,Yes,2,Graduate,No,37611,66652,589134,120,1.0,Semiurban,Y
LB100048,Female,Yes,0,Not Graduate,Yes,124641,43527,3068705,240,0.0,Semiurban,N
LB100049,Female,Yes,3+,Graduate,No,31944,77227,4624660,300,1.0,Urban,Y
LB100050,Male,Yes,0,Not Graduate,No,72887,492,3166069,240,1.0,Semiurban,Y
LB100051,Female,Yes,0,Graduate,No,101442,93418,1037090,180,1.0,Semiurban,Y
LB100052,Male,Yes,2,Not Graduate,No,69847,8811,1214565,300,1.0,Urban,Y
LB100053,Female,Yes,3+,Not Graduate,No,78653,93344,4135598,360,1.0,Rural,Y
LB100054,Male,No,3+,Not Graduate,No,106072,24272,1352425,60,0.0,Rural,N
LB100055,Female,No,0,Graduate,No,142589,93935,1077567,240,1.0,Semiurban,Y
LB100056,Female,Yes,1,Not Graduate,No,76622,72010,3016207,180,0.0,Semiurban,N
LB100057,Male,Yes,2,Graduate,No,47810,92492,2049736,360,0.0,Semiurban,N
LB100058,Male,No,2,Graduate,No,97842,47153,1870234,300,1.0,Semiurban,Y
LB100059,Male,Yes,2,Graduate,No,142225,108042,351707,360,1.0,Semiurban,Y
LB100060,Male,Yes,2,Not Graduate,No,30503,54110,580833,240,1.0,Urban,Y
LB100061,Male,Yes,3+,Not Graduate,No,104761,13979,3999100,120,0.0,Semiurban,N
LB100062,Male,Yes,3+,Not Graduate,No,56976,110059,1388963,240,1.0,Rural,Y
LB100063,Male,No,1,Graduate,No,146439,108101,2177145,60,0.0,Semiurban,N
LB100064,Male,No,2,Graduate,No,31590,28328,2583785,240,1.0,Urban,Y
LB100065,Female,Yes,2,Not Graduate,No,143421,112911,4294420,300,0.0,Rural,N
LB100066,Female,Yes,0,Graduate,No,30886,12867,1134874,300,1.0,Urban,Y
LB100067,Male,Yes,3+,Graduate,Yes,32866,59234,1189493,240,1.0,Urban,Y
LB100068,Female,Yes,2,Graduate,No,86624,25851,1078799,300,1.0,Urban,Y
LB100069,Female,Yes,1,Graduate,No,88899,31279,3833716,120,1.0,Urban,Y
LB100070,Female,Yes,1,Graduate,No,52792,117431,3807447,360,1.0,Rural,Y
LB100071,Female,No,3+,Graduate,Yes,29764,96063,1179459,240,1.0,Semiurban,Y
LB100072,Male,Yes,1,Graduate,No,140832,73402,2481533,120,0.0,Urban,N
LB100073,Female,Yes,1,Graduate,No,145838,15449,2122744,360,0.0,Rural,N
LB100074,Male,No,3+,Not Graduate,No,140356,76221,2591136,360,1.0,Rural,Y
LB100075,Female,No,2,Graduate,Yes,106156,89080,3941644,120,1.0,Rural,Y
LB100076,Female,Yes,2,Graduate,Yes,62727,5451,4143139,180,1.0,Urban,Y
LB100077,Female,Yes,1,Graduate,No,98471,87178,3393510,240,0.0,Semiurban,N
LB100078,Male,Yes,1,Graduate,No,28068,41316,4485224,360,1.0,Rural,Y
LB100079,Female,Yes,2,Not Graduate,No,136923,63064,4747395,360,1.0,Rural,Y
LB100080,Male,Yes,3+,Not Graduate,No,27295,63761,1152050,300,1.0,Urban,Y
LB100081,Female,No,1,Graduate,No,61160,105490,2661216,360,1.0,Urban,Y
LB100082,Male,Yes,0,Graduate,No,31390,38870,2867587,120,1.0,Semiurban,Y
LB100083,Female,Yes,3+,Not Graduate,No,126752,96566,564237,360,0.0,Rural,N
LB100084,Male,Yes,1,Not Graduate,No,40131,30873,4769353,180,1.0,Semiurban,Y
LB100085,Male,Yes,1,Graduate,Yes,114754,58627,2814719,240,1.0,Semiurban,Y
LB100086,Female,No,0,Graduate,No,95969,66155,2208911,240,1.0,Urban,Y
LB100087,Male,No,0,Graduate,No,35038,99186,4302981,360,0.0,Semiurban,N
LB100088,Female,Yes,2,Not Graduate,No,72327,25372,1719920,60,0.0,Rural,N
LB100089,Female,Yes,3+,Graduate,No,113718,3642,2479441,60,1.0,Urban,Y
LB100090,Female,Yes,3+,Not Graduate,No,97064,28001,3037946,120,1.0,Rural,Y
LB100091,Female,Yes,2,Graduate,No,41281,34064,4048529,60,1.0,Rural,Y
LB100092,Female,Yes,3+,Graduate,Yes,74189,94826,3858818,120,1.0,Urban,Y
LB100093,Female,Yes,3+,Graduate,Yes,68511,14122,1749466,300,1.0,Semiurban,Y
LB100094,Female,Yes,3+,Graduate,No,142115,24820,1661236,120,0.0,Urban,N
LB100095,Female,Yes,3+,Graduate,No,28605,68431,2388062,60,1.0,Rural,Y
LB100096,Female,Yes,3+,Graduate,No,120318,55745,2656632,360,1.0,Semiurban,Y
LB100097,Female,Yes,0,Graduate,Yes,21381,50081,2134907,300,1.0,Semiurban,Y
LB100098,Female,Yes,3+,Not Graduate,Yes,86634,70902,4161774,60,1.0,Rural,Y
LB100099,Male,Yes,0,Graduate,No,39810,8711,3933795,120,1.0,Urban,Y
LB100100,Male,Yes,3+,Graduate,Yes,138343,85132,3777084,180,1.0,Rural,Y
LB100101,Female,No,2,Not Graduate,No,44322,18793,4627802,240,1.0,Semiurban,Y
LB100102,Female,Yes,1,Not Graduate,No,61869,8199,3699752,60,0.0,Urban,N
LB100103,Female,Yes,0,Not Graduate,No,52955,76253,4100986,120,0.0,Semiurban,N
LB100104,Female,Yes,3+,Not Graduate,Yes,81388,36191,1023858,300,1.0,Rural,Y
LB100105,Female,Yes,2,Graduate,No,130252,10211,3118907,60,0.0,Urban,N
LB100106,Female,Yes,1,Graduate,Yes,30207,111086,344816,60,0.0,Rural,N
LB100107,Female,Yes,0,Not Graduate,No,107329,63069,304138,240,1.0,Rural,Y
LB100108,Female,No,1,Graduate,No,87628,88896,4463960,120,1.0,Urban,Y
LB100109,Male,Yes,2,Graduate,No,48220,56746,3536904,180,1.0,Rural,Y
LB100110,Female,Yes,0,Not Graduate,No,104050,21542,4164044,300,0.0,Urban,N
LB100111,Male,Yes,1,Graduate,No,123546,31312,521552,120,0.0,Urban,N
LB100112,Female,Yes,3+,Graduate,No,94085,45242,343764,300,0.0,Urban,N
LB100113,Female,Yes,0,Graduate,No,42031,101971,2520182,60,0.0,Rural,N
LB100114,Male,No,1,Graduate,No,90721,93783,2197951,240,1.0,Semiurban,Y
LB100115,Female,Yes,2,Graduate,No,100807,87893,616462,240,0.0,Urban,N
LB100116,Male,No,2,Graduate,No,91312,55388,1189855,360,1.0,Semiurban,Y
LB100117,Female,No,0,Not Graduate,No,79766,106581,1714718,180,0.0,Semiurban,N
LB100118,Female,Yes,1,Graduate,No,32449,27691,2457280,240,1.0,Urban,Y
LB100119,Male,Yes,0,Graduate,No,109833,77960,1108301,60,1.0,Rural,Y
LB100120,Female,Yes,0,Not Graduate,No,76699,84388,4480266,180,1.0,Rural,Y
LB100121,Male,Yes,1,Not Graduate,Yes,126127,22601,4646657,120,1.0,Semiurban,Y
LB100122,Female,Yes,1,Not Graduate,No,101253,118307,412935,240,1.0,Rural,Y
LB100123,Male,Yes,3+,Not Graduate,No,125659,18020,4351889,180,0.0,Semiurban,N
LB100124,Male,Yes,1,Graduate,Yes,124769,8155,1638306,60,1.0,Rural,Y
LB100125,Female,Yes,2,Graduate,No,131041,69119,2450205,360,1.0,Semiurban,Y
LB100126,Female,No,0,Graduate,No,136185,81051,4580650,300,1.0,Semiurban,Y
LB100127,Male,Yes,0,Graduate,No,66092,36777,4823535,300,0.0,Urban,N
LB100128,Female,No,2,Graduate,Yes,83671,19710,4900145,60,0.0,Rural,N
LB100129,Female,Yes,1,Graduate,No,30350,108714,1669391,60,1.0,Semiurban,Y
LB100130,Female,Yes,2,Not Graduate,No,116158,24532,4610518,300,1.0,Urban,Y
LB100131,Male,Yes,2,Graduate,No,120859,18601,2882153,360,1.0,Urban,Y
LB100132,Male,Yes,3+,Graduate,No,140097,63227,1153329,180,0.0,Semiurban,N
LB100133,Male,No,2,Graduate,No,145222,4967,2030085,300,1.0,Semiurban,Y
LB100134,Male,No,0,Graduate,No,88487,84289,2326110,60,0.0,Semiurban,N
LB100135,Male,No,2,Graduate,No,37622,20022,3384562,240,0.0,Rural,N
LB100136,Male,Yes,0,Not Graduate,No,143853,43463,4895130,120,1.0,Urban,Y
LB100137,Male,Yes,0,Graduate,Yes,90263,74671,736542,360,0.0,Semiurban,N
LB100138,Male,No,0,Graduate,No,73117,5722,4866701,360,0.0,Urban,N
LB100139,Male,No,1,Graduate,No,123990,27413,4439394,240,1.0,Rural,Y
LB100140,Female,No,3+,Not Graduate,No,78394,92772,3280672,240,0.0,Rural,N
LB100141,Male,Yes,0,Graduate,No,122005,81050,2362087,60,0.0,Semiurban,N
LB100142,Female,Yes,0,Graduate,No,121084,109432,726674,300,0.0,Semiurban,N
LB100143,Female,No,1,Graduate,No,43782,102748,382409,180,0.0,Urban,N
LB100144,Female,Yes,0,Graduate,Yes,136276,105922,3928104,360,0.0,Semiurban,N
LB100145,Male,No,2,Not Graduate,No,48454,85867,2295141,360,1.0,Rural,Y
LB100146,Male,No,2,Not Graduate,Yes,87904,83596,4125258,240,0.0,Semiurban,N
LB100147,Male,Yes,3+,Graduate,No,149936,66732,3799701,300,0.0,Urban,N
LB100148,Male,No,0,Not Graduate,No,35592,12297,2227716,360,1.0,Semiurban,Y
LB100149,Female,No,1,Not Graduate,No,42173,68323,2221672,180,1.0,Rural,Y
LB100150,Male,Yes,2,Not Graduate,Yes,53204,23816,1492503,240,1.0,Urban,Y
LB100151,Male,No,1,Not Graduate,No,55596,40695,1433754,180,1.0,Urban,Y
LB100152,Male,Yes,1,Graduate,No,54324,19702,3203609,300,1.0,Semiurban,Y
LB100153,Male,No,2,Graduate,No,142258,25242,1746250,360,1.0,Rural,Y
LB100154,Male,Yes,1,Graduate,Yes,131668,55841,1943707,120,1.0,Urban,Y
LB100155,Female,No,2,Not Graduate,No,81202,67712,4100315,360,1.0,Urban,Y
LB100156,Male,Yes,1,Graduate,No,109400,85663,3451396,300,0.0,Urban,N
LB100157,Female,Yes,2,Not Graduate,No,144184,107096,3668270,360,0.0,Urban,N
LB100158,Male,No,0,Not Graduate,No,133365,92764,2552641,360,0.0,Semiurban,N
LB100159,Female,Yes,3+,Graduate,No,50750,53574,644126,60,1.0,Semiurban,Y
LB100160,Male,Yes,2,Not Graduate,No,96112,85744,2705514,360,1.0,Semiurban,Y
LB100161,Male,No,2,Graduate,No,36566,28482,2142360,360,1.0,Semiurban,Y
LB100162,Female,No,3+,Graduate,No,27190,9171,1437411,180,1.0,Urban,Y
LB100163,Female,Yes,2,Not Graduate,No,108607,100755,1970357,120,1.0,Rural,Y
LB100164,Female,Yes,2,Graduate,No,58333,98932,3212511,180,0.0,Semiurban,N
LB100165,Male,Yes,1,Not Graduate,No,141929,108125,3630922,180,0.0,Rural,N
LB100166,Female,Yes,3+,Not Graduate,No,100905,106082,3999509,240,1.0,Semiurban,Y
LB100167,Male,Yes,0,Graduate,No,109571,3696,4455479,60,1.0,Urban,Y
LB100168,Male,Yes,2,Graduate,Yes,140263,20058,4788155,180,1.0,Semiurban,Y
LB100169,Female,No,3+,Graduate,No,21589,20313,3602198,300,1.0,Urban,Y
LB100170,Female,No,1,Graduate,No,144467,19149,597986,300,0.0,Semiurban,N
LB100171,Male,No,0,Not Graduate,No,45235,53521,4066001,360,1.0,Urban,Y
LB100172,Male,Yes,3+,Graduate,No,20159,45740,2765912,240,1.0,Urban,Y
LB100173,Female,Yes,0,Graduate,No,32145,106611,2322784,60,1.0,Rural,Y
LB100174,Female,Yes,0,Graduate,No,100909,4956,1153605,60,1.0,Urban,Y
LB100175,Female,Yes,0,Graduate,No,51921,75731,2672948,360,0.0,Rural,N
LB100176,Male,Yes,2,Not Graduate,Yes,124859,82612,1615823,300,0.0,Urban,N
LB100177,Male,No,2,Graduate,No,36237,117850,3733372,120,1.0,Semiurban,Y
LB100178,Male,Yes,1,Not Graduate,Yes,127507,66641,1070692,240,1.0,Semiurban,Y
LB100179,Male,Yes,1,Graduate,No,28244,63811,728745,360,1.0,Semiurban,Y
LB100180,Male,Yes,3+,Not Graduate,No,34743,52160,973812,240,0.0,Urban,N
LB100181,Male,No,1,Graduate,No,117102,51313,3232977,300,1.0,Urban,Y
LB100182,Female,Yes,0,Graduate,No,66101,63232,3870118,300,0.0,Urban,N
LB100183,Male,Yes,0,Not Graduate,No,131645,15417,1658126,120,0.0,Urban,N
LB100184,Male,Yes,2,Graduate,Yes,141534,24729,4117042,120,1.0,Semiurban,Y
LB100185,Male,No,0,Not Graduate,No,104227,112492,4839170,60,1.0,Rural,Y
LB100186,Female,Yes,3+,Graduate,No,119532,30099,836644,240,0.0,Rural,N
LB100187,Male,No,0,Graduate,No,76378,118387,952416,240,0.0,Rural,N
LB100188,Male,No,0,Graduate,No,91126,98134,3447915,300,1.0,Rural,Y
LB100189,Female,Yes,3+,Not Graduate,No,76071,29961,3073737,60,0.0,Semiurban,N
LB100190,Male,Yes,1,Graduate,Yes,91121,12602,2007542,360,1.0,Urban,Y
LB100191,Male,No,1,Graduate,No,94763,118474,4491896,240,1.0,Rural,Y
LB100192,Male,Yes,3+,Graduate,No,113814,9256,1774620,60,0.0,Semiurban,N
LB100193,Male,Yes,2,Graduate,Yes,124350,86120,1474846,60,0.0,Semiurban,N
LB100194,Male,No,0,Graduate,No,32237,112516,2292569,300,1.0,Urban,Y
LB100195,Female,No,3+,Not Graduate,Yes,35649,34681,2149395,60,1.0,Semiurban,Y
LB100196,Female,No,0,Not Graduate,Yes,57713,91328,1289336,120,1.0,Semiurban,Y
LB100197,Female,No,2,Not Graduate,Yes,93463,87440,3438102,120,1.0,Rural,Y
LB100198,Male,Yes,0,Not Graduate,No,65409,64789,2750979,180,1.0,Semiurban,Y
LB100199,Male,Yes,3+,Graduate,No,68766,43361,4205513,300,1.0,Urban,Y
LB100200,Male,No,0,Not Graduate,No,66154,64503,2332816,360,1.0,Rural,Y
LB100201,Female,Yes,1,Graduate,No,27016,34540,361753,180,1.0,Urban,Y
LB100202,Male,Yes,2,Graduate,No,99563,26536,1371984,120,1.0,Semiurban,Y
LB100203,Male,No,2,Graduate,No,68688,84700,4618420,180,1.0,Urban,Y
LB100204,Female,Yes,2,Graduate,No,109678,63043,955496,300,1.0,Semiurban,Y
LB100205,Male,Yes,3+,Not Graduate,Yes,132056,78532,3035090,300,1.0,Rural,Y
LB100206,Female,Yes,2,Graduate,No,74238,56575,3505228,60,0.0,Urban,N
LB100207,Female,Yes,1,Graduate,No,78608,2871,2463349,240,1.0,Rural,Y
LB100208,Female,Yes,3+,Graduate,No,109081,46002,793992,60,0.0,Urban,N
LB100209,Male,Yes,1,Not Graduate,No,136572,49812,376240,300,0.0,Rural,N
LB100210,Male,Yes,0,Graduate,Yes,51897,22626,4729899,120,0.0,Rural,N
LB100211,Male,Yes,0,Graduate,Yes,70961,59979,4191151,360,1.0,Rural,Y
LB100212,Male,No,0,Graduate,No,88703,76057,1627042,120,1.0,Urban,Y
LB100213,Male,Yes,0,Not Graduate,No,64757,108946,2248061,60,0.0,Rural,N
LB100214,Male,No,1,Graduate,Yes,46917,66668,4685224,360,1.0,Semiurban,Y
LB100215,Male,Yes,3+,Graduate,No,42736,99003,1198332,300,1.0,Urban,Y
LB100216,Female,Yes,3+,Graduate,Yes,47990,80070,1179854,120,0.0,Rural,N
LB100217,Male,No,2,Graduate,No,82551,89390,4325942,300,1.0,Urban,Y
LB100218,Female,Yes,1,Graduate,No,78161,42998,2834957,360,1.0,Rural,Y
LB100219,Male,No,0,Graduate,No,99623,63814,463187,360,1.0,Urban,Y
LB100220,Male,Yes,1,Not Graduate,Yes,42440,104601,4949454,120,1.0,Semiurban,Y
LB100221,Male,No,2,Graduate,Yes,55205,45607,1862518,300,1.0,Semiurban,Y
LB100222,Female,Yes,2,Graduate,No,141156,7812,1982678,180,0.0,Urban,N
LB100223,Female,No,1,Not Graduate,Yes,100811,61844,467527,300,0.0,Urban,N
LB100224,Female,Yes,1,Graduate,No,143768,70093,3044804,360,0.0,Urban,N
LB100225,Female,No,1,Graduate,Yes,75103,2179,1887819,300,1.0,Semiurban,Y
LB100226,Male,Yes,3+,Graduate,No,90812,43798,1820373,60,0.0,Urban,N
LB100227,Female,Yes,0,Graduate,No,61627,74601,894557,180,0.0,Semiurban,N
LB100228,Male,No,1,Not Graduate,No,126122,8275,1290121,240,1.0,Urban,Y
LB100229,Male,Yes,1,Graduate,No,123032,50574,3749330,60,1.0,Urban,Y
LB100230,Female,Yes,1,Not Graduate,No,39008,47857,2025049,240,1.0,Semiurban,Y
LB100231,Female,Yes,2,Graduate,No,91274,101484,3545705,120,0.0,Urban,N
LB100232,Female,Yes,2,Graduate,No,52402,20700,783442,240,0.0,Rural,N
LB100233,Female,Yes,3+,Graduate,No,73384,39464,4409545,300,1.0,Rural,Y
LB100234,Female,Yes,0,Graduate,Yes,148922,42351,1720827,240,0.0,Semiurban,N
LB100235,Female,No,3+,Graduate,No,25793,93330,2256874,360,0.0,Semiurban,N
LB100236,Female,Yes,0,Not Graduate,No,122827,94319,4231814,60,1.0,Rural,Y
LB100237,Female,Yes,2,Graduate,Yes,25571,82534,4988118,60,1.0,Urban,Y
LB100238,Male,No,2,Not Graduate,No,116867,13869,2051797,240,1.0,Urban,Y
LB100239,Female,No,2,Graduate,No,36209,60315,397406,60,1.0,Urban,Y
LB100240,Female,Yes,3+,Not Graduate,No,133550,110061,3752814,360,1.0,Rural,Y
LB100241,Male,Yes,1,Not Graduate,No,110930,93688,4072827,60,0.0,Urban,N
LB100242,Female,Yes,1,Not Graduate,No,63148,20954,4878887,240,1.0,Semiurban,Y
LB100243,Male,Yes,2,Not Graduate,Yes,111218,31555,1321436,180,0.0,Rural,N
LB100244,Male,Yes,1,Not Graduate,No,22224,63353,3191912,180,0.0,Rural,N
LB100245,Female,Yes,1,Graduate,No,126693,82190,1909184,120,1.0,Semiurban,Y
LB100246,Male,Yes,3+,Graduate,Yes,145551,45026,4484238,60,0.0,Urban,N
LB100247,Male,Yes,0,Graduate,No,68695,100772,2628476,240,1.0,Rural,Y
LB100248,Male,No,2,Not Graduate,No,140779,46976,784273,60,0.0,Semiurban,N
LB100249,Male,No,2,Graduate,Yes,149714,80578,2703233,300,1.0,Urban,Y
LB100250,Female,Yes,3+,Not Graduate,No,129988,91502,3122236,360,1.0,Urban,Y
LB100251,Male,Yes,3+,Graduate,No,128944,113943,988332,60,0.0,Rural,N
LB100252,Female,Yes,1,Graduate,Yes,52441,109850,1026448,60,0.0,Semiurban,N
LB100253,Male,No,2,Graduate,No,126966,45095,370463,180,1.0,Rural,Y
LB100254,Male,Yes,0,Graduate,No,59129,14270,1433183,360,1.0,Rural,Y
LB100255,Male,Yes,3+,Graduate,No,120252,30908,3166457,240,1.0,Semiurban,Y
LB100256,Male,No,0,Graduate,No,82368,15523,2730992,60,1.0,Semiurban,Y
LB100257,Female,No,0,Graduate,No,130395,62433,4614380,180,1.0,Semiurban,Y
LB100258,Female,No,2,Graduate,Yes,112122,47068,1460294,120,1.0,Urban,Y
LB100259,Male,No,2,Graduate,No,64760,19991,2644688,360,1.0,Semiurban,Y
LB100260,Male,Yes,3+,Graduate,No,149655,10775,336413,180,1.0,Rural,Y
LB100261,Female,Yes,2,Not Graduate,No,43478,77801,3248632,180,1.0,Semiurban,Y
LB100262,Male,No,2,Graduate,Yes,147881,84995,864430,180,1.0,Rural,Y
LB100263,Male,No,2,Graduate,No,91854,61250,3968508,60,1.0,Semiurban,Y
LB100264,Male,Yes,0,Graduate,Yes,114230,16673,3324015,60,1.0,Semiurban,Y
LB100265,Female,Yes,3+,Graduate,No,105716,27056,1215480,120,1.0,Semiurban,Y
LB100266,Female,Yes,1,Graduate,No,32180,6614,3941141,300,0.0,Semiurban,N
LB100267,Female,No,0,Graduate,No,118538,101556,3681915,300,0.0,Semiurban,N
LB100268,Male,No,2,Graduate,No,35372,7415,342056,300,1.0,Urban,Y
LB100269,Male,Yes,0,Graduate,No,49796,88691,2448983,360,1.0,Semiurban,Y
LB100270,Female,Yes,2,Graduate,No,78272,114966,3242775,360,1.0,Urban,Y
LB100271,Female,Yes,2,Not Graduate,No,138295,43884,1073952,120,0.0,Urban,N
LB100272,Female,No,0,Not Graduate,No,109963,16964,1208380,360,1.0,Semiurban,Y
LB100273,Female,No,3+,Graduate,No,118826,37726,4920792,300,1.0,Semiurban,Y
LB100274,Male,No,2,Graduate,No,140592,37044,1637768,300,0.0,Rural,N
LB100275,Female,Yes,3+,Graduate,No,113635,57149,3390930,180,1.0,Semiurban,Y
LB100276,Male,Yes,1,Graduate,No,131022,37544,2160971,360,1.0,Semiurban,Y
LB100277,Female,Yes,2,Not Graduate,No,74040,49976,1814101,60,1.0,Semiurban,Y
LB100278,Male,Yes,3+,Graduate,No,95357,32252,2630344,60,1.0,Semiurban,Y
LB100279,Female,No,3+,Graduate,No,91368,3832,1706150,180,1.0,Urban,Y
LB100280,Female,No,1,Graduate,Yes,98356,90811,825005,180,1.0,Urban,Y
LB100281,Female,No,3+,Not Graduate,No,36211,80437,3719548,180,1.0,Urban,Y
LB100282,Female,No,3+,Graduate,No,125426,103749,1529458,60,1.0,Semiurban,Y
LB100283,Male,Yes,1,Graduate,No,25842,34148,1467272,300,1.0,Urban,Y
LB100284,Female,No,2,Graduate,No,83115,61240,3750087,180,1.0,Urban,Y
LB100285,Male,No,3+,Graduate,No,86852,108169,1793551,120,0.0,Urban,N
LB100286,Male,No,3+,Graduate,No,145737,88454,4273313,180,1.0,Rural,Y
LB100287,Male,Yes,3+,Graduate,No,65968,112230,2736831,240,0.0,Urban,N
LB100288,Male,Yes,0,Graduate,Yes,37508,85076,4465255,180,1.0,Semiurban,Y
LB100289,Female,Yes,1,Graduate,No,42005,77116,2006517,60,1.0,Urban,Y
LB100290,Male,No,0,Graduate,Yes,74575,53459,3497445,360,0.0,Semiurban,N
LB100291,Male,Yes,1,Graduate,No,100742,38402,3448491,180,1.0,Urban,Y
LB100292,Male,Yes,2,Graduate,No,38971,57727,655054,360,0.0,Urban,N
LB100293,Female,Yes,2,Graduate,No,45599,38578,3501208,240,1.0,Semiurban,Y
LB100294,Female,Yes,3+,Not Graduate,Yes,107592,90453,4139847,120,1.0,Urban,Y
LB100295,Female,Yes,1,Graduate,Yes,86914,22318,1466670,360,1.0,Urban,Y
LB100296,Female,Yes,2,Graduate,No,138062,75715,980667,300,0.0,Urban,N
LB100297,Male,Yes,1,Graduate,Yes,87055,77787,3148883,180,0.0,Urban,N
LB100298,Male,Yes,2,Graduate,Yes,107697,111435,2314017,240,1.0,Urban,Y
LB100299,Female,No,0,Not Graduate,Yes,126239,85029,4939276,240,1.0,Urban,Y
LB100300,Male,Yes,2,Graduate,No,124397,20466,4322261,360,1.0,Rural,Y
LB100301,Male,No,0,Not Graduate,No,143106,95742,4937203,120,1.0,Semiurban,Y
LB100302,Male,Yes,2,Graduate,No,25355,45475,4975519,60,1.0,Semiurban,Y
LB100303,Female,Yes,3+,Graduate,No,74120,60142,2299482,180,1.0,Urban,Y
LB100304,Female,No,0,Not Graduate,No,94619,85160,3949244,240,1.0,Rural,Y
LB100305,Male,Yes,2,Not Graduate,No,58342,26564,4914466,120,0.0,Urban,N
LB100306,Female,Yes,3+,Not Graduate,No,105992,22412,4213397,300,0.0,Urban,N
LB100307,Female,Yes,0,Not Graduate,Yes,98860,93526,3388589,240,1.0,Semiurban,Y
LB100308,Female,No,3+,Graduate,Yes,22257,51001,4539399,120,0.0,Urban,N
LB100309,Female,Yes,1,Not Graduate,Yes,47364,57649,1821722,60,1.0,Urban,Y
LB100310,Female,No,1,Graduate,No,44972,60957,2162205,60,1.0,Semiurban,Y
LB100311,Male,Yes,0,Not Graduate,No,131715,35517,1765915,240,0.0,Rural,N
LB100312,Female,Yes,2,Graduate,No,46654,13156,650067,240,0.0,Semiurban,N
LB100313,Male,Yes,0,Not Graduate,Yes,100769,23064,2006826,360,1.0,Semiurban,Y
LB100314,Male,Yes,3+,Graduate,Yes,101423,25711,2359385,180,1.0,Rural,Y
LB100315,Female,Yes,2,Graduate,No,49320,30106,1741246,120,1.0,Urban,Y
LB100316,Male,Yes,1,Graduate,No,40808,65458,2667322,240,1.0,Urban,Y
LB100317,Male,Yes,2,Not Graduate,No,72389,16589,1675645,180,1.0,Urban,Y
LB100318,Male,No,1,Graduate,No,115690,89272,4038858,360,1.0,Semiurban,Y
LB100319,Female,Yes,2,Graduate,No,138581,86511,2570463,180,1.0,Semiurban,Y
LB100320,Female,Yes,2,Graduate,No,147927,101754,1134440,240,1.0,Rural,Y
LB100321,Male,No,2,Graduate,Yes,54773,7214,999895,60,1.0,Semiurban,Y
LB100322,Female,Yes,3+,Not Graduate,No,71168,96117,545144,120,0.0,Semiurban,N
LB100323,Female,Yes,3+,Graduate,No,47747,85731,4324227,120,1.0,Urban,Y
LB100324,Female,No,0,Not Graduate,No,96396,110118,4122727,60,1.0,Rural,Y
LB100325,Female,No,0,Graduate,No,128374,27127,1544360,240,0.0,Rural,N
LB100326,Male,Yes,1,Graduate,Yes,127692,5141,3349316,120,0.0,Rural,N
LB100327,Male,No,3+,Not Graduate,No,103692,28884,2849565,240,1.0,Urban,Y
LB100328,Female,Yes,1,Graduate,No,77505,90421,1449734,360,1.0,Semiurban,Y
LB100329,Female,Yes,0,Graduate,No,105896,2708,2146585,240,1.0,Urban,Y
LB100330,Male,Yes,1,Graduate,No,38135,18375,3260883,180,0.0,Urban,N
LB100331,Male,No,0,Not Graduate,No,110887,15088,4407618,60,0.0,Urban,N
LB100332,Female,Yes,3+,Graduate,No,142118,57615,1206450,240,1.0,Semiurban,Y
LB100333,Male,Yes,2,Not Graduate,No,116035,110138,1782795,360,1.0,Semiurban,Y
LB100334,Female,Yes,3+,Not Graduate,No,67377,45046,582140,300,1.0,Urban,Y
LB100335,Female,Yes,1,Graduate,No,43554,10014,1908795,60,1.0,Urban,Y
LB100336,Male,Yes,1,Graduate,Yes,82491,64425,858981,120,1.0,Semiurban,Y
LB100337,Male,Yes,3+,Graduate,No,75621,3273,2343321,180,1.0,Urban,Y
LB100338,Female,Yes,3+,Graduate,No,134667,47135,408944,120,1.0,Urban,Y
LB100339,Female,Yes,0,Graduate,No,78283,102842,2097519,360,1.0,Semiurban,Y
LB100340,Male,Yes,1,Graduate,No,105140,30881,4177590,360,1.0,Rural,Y
LB100341,Female,Yes,1,Graduate,No,36923,97022,4015929,120,1.0,Urban,Y
LB100342,Male,Yes,3+,Not Graduate,No,67591,78077,2258691,60,1.0,Urban,Y
LB100343,Female,Yes,2,Not Graduate,No,82261,8712,4691401,120,1.0,Urban,Y
LB100344,Male,No,1,Not Graduate,No,136149,74704,3228100,240,0.0,Rural,N
LB100345,Male,Yes,2,Graduate,No,74336,52874,3009236,120,1.0,Semiurban,Y
LB100346,Male,Yes,3+,Graduate,Yes,94083,69087,2253341,180,0.0,Semiurban,N
LB100347,Female,Yes,3+,Graduate,Yes,80948,12297,1273737,180,1.0,Urban,Y
LB100348,Female,Yes,0,Not Graduate,No,129819,109269,1433387,300,1.0,Semiurban,Y
LB100349,Male,Yes,1,Graduate,No,53002,27128,4202908,180,1.0,Urban,Y
LB100350,Female,Yes,2,Not Graduate,No,100098,68368,4948455,120,0.0,Semiurban,N
LB100351,Male,Yes,0,Graduate,No,136236,94019,2938439,180,1.0,Rural,Y
LB100352,Male,Yes,1,Graduate,No,93016,87599,995532,60,1.0,Semiurban,Y
LB100353,Female,Yes,0,Not Graduate,No,46672,88499,595866,180,1.0,Rural,Y
LB100354,Female,Yes,3+,Graduate,No,24213,78958,1097057,240,1.0,Semiurban,Y
LB100355,Male,Yes,1,Not Graduate,No,30293,32920,4692541,60,1.0,Urban,Y
LB100356,Female,Yes,0,Not Graduate,No,119977,11156,2105518,300,1.0,Rural,Y
LB100357,Female,Yes,0,Graduate,No,75860,11108,3735088,240,0.0,Urban,N
LB100358,Male,Yes,2,Graduate,No,82507,31845,3236537,120,0.0,Semiurban,N
LB100359,Male,Yes,0,Graduate,No,77134,2800,3923425,120,1.0,Urban,Y
LB100360,Female,Yes,1,Not Graduate,No,22100,103614,3899537,120,1.0,Urban,Y
LB100361,Male,No,1,Graduate,No,130153,42712,2446674,240,0.0,Semiurban,N
LB100362,Male,Yes,2,Graduate,Yes,81997,2610,2282847,240,0.0,Urban,N
LB100363,Female,Yes,1,Graduate,No,48172,77603,2509853,240,0.0,Semiurban,N
LB100364,Male,No,3+,Not Graduate,No,40132,33872,4391685,60,1.0,Semiurban,Y
LB100365,Male,No,1,Graduate,No,137861,10728,507352,360,1.0,Urban,Y
LB100366,Female,Yes,1,Not Graduate,Yes,38199,95102,1975502,60,1.0,Urban,Y
LB100367,Female,Yes,0,Not Graduate,Yes,56609,95319,484514,120,1.0,Semiurban,Y
LB100368,Male,No,0,Graduate,Yes,62965,20583,1098658,360,1.0,Urban,Y
LB100369,Male,No,1,Graduate,No,28016,85774,2157596,180,0.0,Semiurban,N
LB100370,Female,Yes,2,Not Graduate,No,59779,7263,1558624,120,0.0,Semiurban,N
LB100371,Female,Yes,0,Graduate,No,122797,67450,1262452,300,0.0,Rural,N
LB100372,Female,Yes,2,Not Graduate,No,51881,89285,2070394,60,1.0,Semiurban,Y
LB100373,Female,Yes,1,Graduate,No,102594,19456,4436725,240,1.0,Semiurban,Y
LB100374,Male,Yes,1,Graduate,No,44472,91118,3050025,60,0.0,Semiurban,N
LB100375,Female,Yes,3+,Not Graduate,No,126882,65942,2389934,240,1.0,Urban,Y
LB100376,Female,Yes,0,Graduate,No,120462,13689,3226979,360,1.0,Urban,Y
LB100377,Male,No,1,Graduate,No,71813,32934,2814399,300,1.0,Rural,Y
LB100378,Female,Yes,3+,Graduate,No,120368,33276,4963062,360,0.0,Semiurban,N
LB100379,Male,Yes,0,Graduate,No,146731,116349,4095830,300,1.0,Rural,Y
LB100380,Female,No,1,Graduate,No,56021,101968,1255205,60,1.0,Rural,Y
LB100381,Female,No,1,Graduate,No,74131,19873,2423091,240,0.0,Rural,N
LB100382,Female,Yes,0,Not Graduate,No,44087,13050,1266649,360,1.0,Rural,Y
LB100383,Male,Yes,0,Graduate,No,32828,66216,1234048,300,0.0,Semiurban,N
LB100384,Male,Yes,0,Graduate,Yes,81610,84444,3330555,120,1.0,Urban,Y
LB100385,Female,Yes,1,Graduate,No,116664,84040,2164071,120,1.0,Semiurban,Y
LB100386,Male,Yes,1,Not Graduate,Yes,143619,21644,1727989,360,1.0,Urban,Y
LB100387,Male,Yes,3+,Graduate,No,21401,62021,2332709,240,1.0,Semiurban,Y
LB100388,Male,Yes,2,Not Graduate,No,105179,37125,1500532,360,1.0,Semiurban,Y
LB100389,Male,Yes,0,Graduate,No,35193,66899,764462,60,1.0,Semiurban,Y
LB100390,Male,Yes,1,Graduate,Yes,112389,42291,3291620,300,1.0,Urban,Y
LB100391,Male,Yes,1,Graduate,No,64864,35060,3300109,60,1.0,Urban,Y
LB100392,Female,Yes,0,Graduate,No,40307,1538,3872401,120,1.0,Semiurban,Y
LB100393,Female,Yes,2,Graduate,No,122518,36176,2744975,300,1.0,Urban,Y
LB100394,Male,Yes,0,Graduate,No,39611,41520,3571557,360,1.0,Rural,Y
LB100395,Female,No,2,Not Graduate,No,63791,25675,2572759,60,1.0,Urban,Y
LB100396,Female,Yes,1,Graduate,No,31950,18287,4903623,180,1.0,Urban,Y
LB100397,Female,Yes,2,Graduate,Yes,96240,174,2749308,240,1.0,Urban,Y
LB100398,Female,No,3+,Graduate,No,128647,92268,4048294,240,1.0,Semiurban,Y
LB100399,Male,Yes,1,Not Graduate,No,97403,34998,574535,180,1.0,Semiurban,Y
LB100400,Female,Yes,3+,Graduate,No,22745,102591,3548204,120,1.0,Urban,Y
LB100401,Female,Yes,0,Graduate,Yes,75243,53312,2780017,300,1.0,Urban,Y
LB100402,Male,Yes,0,Graduate,No,23866,12112,4431146,240,1.0,Semiurban,Y
LB100403,Male,No,0,Not Graduate,Yes,52245,105410,1217472,180,1.0,Urban,Y
LB100404,Female,Yes,2,Graduate,No,64724,75225,2578581,360,1.0,Semiurban,Y
LB100405,Female,Yes,1,Graduate,No,148681,44814,3949279,180,1.0,Semiurban,Y
LB100406,Female,Yes,0,Not Graduate,No,91354,85091,2304517,120,1.0,Urban,Y
LB100407,Female,Yes,0,Not Graduate,No,71374,50719,2362362,120,1.0,Urban,Y
LB100408,Female,Yes,1,Graduate,No,134397,33919,3932403,60,1.0,Rural,Y
LB100409,Female,Yes,0,Not Graduate,Yes,137480,73155,3521131,240,0.0,Semiurban,N
LB100410,Male,Yes,3+,Graduate,No,144577,71569,2307338,60,0.0,Semiurban,N
LB100411,Female,No,1,Graduate,No,50116,41328,888574,180,0.0,Urban,N
LB100412,Female,Yes,1,Graduate,No,101029,70482,2734138,300,1.0,Semiurban,Y
LB100413,Male,Yes,1,Graduate,No,113574,24618,404927,300,0.0,Urban,N
LB100414,Male,Yes,3+,Graduate,No,40447,34675,2149916,120,0.0,Semiurban,N
LB100415,Male,Yes,1,Not Graduate,No,50431,101794,2882985,300,1.0,Rural,Y
LB100416,Male,Yes,3+,Graduate,No,37908,18919,4517690,300,1.0,Urban,Y
LB100417,Female,Yes,1,Graduate,No,49336,4173,3949886,300,1.0,Urban,Y
LB100418,Female,Yes,2,Graduate,No,60992,109369,4746460,180,1.0,Urban,Y
LB100419,Female,Yes,0,Not Graduate,No,75350,26400,1253122,300,0.0,Urban,N
LB100420,Female,Yes,2,Graduate,No,89561,50445,4343763,360,1.0,Urban,Y
LB100421,Female,No,0,Graduate,Yes,137254,70305,4963754,300,1.0,Urban,Y
LB100422,Female,Yes,3+,Graduate,No,71955,37564,4817562,300,1.0,Rural,Y
LB100423,Male,Yes,2,Graduate,No,81240,45814,2598354,60,1.0,Semiurban,Y
LB100424,Female,Yes,1,Not Graduate,No,40093,79747,414589,180,1.0,Urban,Y
LB100425,Male,No,0,Not Graduate,Yes,26155,88791,1493982,120,1.0,Rural,Y
LB100426,Male,Yes,0,Graduate,No,66607,27962,919003,60,1.0,Urban,Y
LB100427,Female,Yes,2,Not Graduate,No,53487,84892,493839,240,0.0,Rural,N
LB100428,Male,No,3+,Graduate,No,133194,85842,806453,180,0.0,Urban,N
LB100429,Female,No,2,Not Graduate,Yes,75668,70533,3347589,360,0.0,Rural,N
LB100430,Male,No,3+,Graduate,No,40963,56184,3227053,180,0.0,Semiurban,N
LB100431,Female,Yes,3+,Graduate,No,70124,82912,2824055,240,1.0,Rural,Y
LB100432,Male,Yes,0,Graduate,No,72870,106416,3290193,240,0.0,Rural,N
LB100433,Female,Yes,2,Graduate,No,76547,103591,4940176,240,1.0,Urban,Y
LB100434,Female,No,2,Graduate,No,84110,10578,2807743,120,0.0,Rural,N
LB100435,Female,Yes,3+,Graduate,No,73554,18624,1855811,300,0.0,Urban,N
LB100436,Female,Yes,2,Graduate,No,40936,116164,1956042,180,1.0,Urban,Y
LB100437,Female,Yes,1,Not Graduate,No,136895,39194,4145474,300,0.0,Urban,N
LB100438,Male,No,1,Graduate,No,24426,109903,4224482,300,1.0,Semiurban,Y
LB100439,Male,Yes,2,Graduate,Yes,108839,389,3532452,360,1.0,Urban,Y
LB100440,Male,Yes,2,Not Graduate,Yes,130816,99303,4590697,240,0.0,Semiurban,N
LB100441,Female,Yes,3+,Graduate,No,47606,111116,4046328,120,0.0,Semiurban,N
LB100442,Male,Yes,1,Graduate,No,67832,113903,4461603,360,1.0,Rural,Y
LB100443,Female,Yes,1,Graduate,No,48151,67391,2210332,60,0.0,Rural,N
LB100444,Female,Yes,0,Not Graduate,No,99303,106429,4040030,120,0.0,Semiurban,N
LB100445,Male,Yes,3+,Graduate,No,31308,13794,2798578,300,0.0,Urban,N
LB100446,Male,Yes,0,Graduate,No,129781,58002,4112010,120,0.0,Urban,N
LB100447,Female,Yes,1,Not Graduate,Yes,82522,35531,1778081,240,1.0,Urban,Y
LB100448,Male,Yes,3+,Not Graduate,No,143523,52815,1870889,60,1.0,Urban,Y
LB100449,Female,Yes,2,Graduate,No,65671,4986,2699146,240,1.0,Urban,Y
LB100450,Female,Yes,3+,Graduate,Yes,110306,32298,3371640,60,0.0,Urban,N
LB100451,Female,Yes,2,Graduate,No,114108,1481,1845491,360,0.0,Rural,N
LB100452,Female,Yes,2,Not Graduate,No,126984,56408,2222967,300,1.0,Semiurban,Y
LB100453,Female,Yes,3+,Graduate,No,22204,69267,1250922,60,1.0,Urban,Y
LB100454,Male,Yes,2,Graduate,No,112769,16835,1984449,60,1.0,Semiurban,Y
LB100455,Male,No,0,Not Graduate,No,107265,27798,765590,60,1.0,Urban,Y
LB100456,Female,Yes,1,Graduate,No,51131,91649,1733284,120,1.0,Semiurban,Y
LB100457,Female,No,2,Graduate,No,72428,64887,1417374,360,1.0,Semiurban,Y
LB100458,Male,Yes,0,Graduate,No,53870,19477,3299610,120,1.0,Semiurban,Y
LB100459,Male,Yes,2,Graduate,No,123547,17266,2598756,300,1.0,Semiurban,Y
LB100460,Female,No,1,Graduate,Yes,124918,86328,3088107,60,1.0,Rural,Y
LB100461,Male,Yes,0,Graduate,No,69067,85988,330257,360,0.0,Rural,N
LB100462,Female,Yes,1,Graduate,No,78585,43526,4901731,360,1.0,Semiurban,Y
LB100463,Male,Yes,1,Graduate,No,127011,117965,1285257,180,1.0,Semiurban,Y
LB100464,Female,Yes,0,Not Graduate,No,132217,114615,1401267,300,1.0,Semiurban,Y
LB100465,Male,No,0,Graduate,No,41607,106870,2355845,360,1.0,Urban,Y
LB100466,Female,No,0,Not Graduate,Yes,44968,11889,718829,60,1.0,Urban,Y
LB100467,Male,No,3+,Graduate,No,118934,24335,2935466,60,0.0,Urban,N
LB100468,Male,Yes,0,Not Graduate,No,31908,11254,3738780,360,1.0,Semiurban,Y
LB100469,Female,No,0,Not Graduate,Yes,46423,86610,4415345,120,1.0,Semiurban,Y
LB100470,Male,No,0,Graduate,Yes,129151,11442,1846933,300,1.0,Urban,Y
LB100471,Female,Yes,0,Not Graduate,No,94707,46289,625329,60,1.0,Rural,Y
LB100472,Male,Yes,2,Not Graduate,No,98257,53747,3256151,360,1.0,Rural,Y
LB100473,Female,No,3+,Graduate,No,146282,37327,1527222,60,1.0,Semiurban,Y
LB100474,Male,Yes,1,Graduate,No,81215,16199,3667851,360,1.0,Semiurban,Y
LB100475,Female,No,0,Graduate,No,75835,72827,1843812,300,1.0,Rural,Y
LB100476,Male,Yes,2,Not Graduate,No,69429,106464,1165256,360,1.0,Urban,Y
LB100477,Female,No,2,Not Graduate,No,102152,112,300917,180,1.0,Rural,Y
LB100478,Male,Yes,2,Not Graduate,No,128048,87051,4773447,360,0.0,Urban,N
LB100479,Female,Yes,1,Graduate,No,58458,19581,562091,360,1.0,Rural,Y
LB100480,Female,Yes,0,Not Graduate,Yes,66169,114228,703157,300,0.0,Urban,N
LB100481,Female,No,3+,Graduate,No,27659,59722,549265,360,1.0,Rural,Y
LB100482,Male,Yes,3+,Graduate,No,80614,92036,1684822,300,1.0,Rural,Y
LB100483,Female,Yes,2,Graduate,No,128905,97562,2107402,180,1.0,Urban,Y
LB100484,Male,Yes,1,Graduate,Yes,97240,16523,2249902,300,1.0,Semiurban,Y
LB100485,Female,No,1,Graduate,Yes,52793,66960,1435371,60,0.0,Rural,N
LB100486,Male,Yes,1,Graduate,No,133688,117637,628821,300,0.0,Semiurban,N
LB100487,Female,No,3+,Graduate,No,66473,19552,959987,180,1.0,Rural,Y
LB100488,Male,Yes,2,Graduate,No,116762,10808,543877,240,1.0,Semiurban,Y
LB100489,Male,Yes,0,Graduate,No,109388,104347,3645026,360,1.0,Urban,Y
LB100490,Female,Yes,3+,Graduate,No,117618,72525,1847419,300,0.0,Urban,N
LB100491,Male,Yes,2,Graduate,Yes,108330,23620,1220759,360,0.0,Urban,N
LB100492,Male,No,2,Graduate,No,126956,104565,2061369,120,0.0,Rural,N
LB100493,Female,Yes,0,Graduate,Yes,138452,887,3548140,60,0.0,Urban,N
LB100494,Male,Yes,0,Graduate,No,75751,31802,2513697,60,1.0,Semiurban,Y
LB100495,Male,No,0,Graduate,No,146311,85024,1767172,120,1.0,Semiurban,Y
LB100496,Male,Yes,1,Graduate,No,98915,95549,2158997,120,1.0,Semiurban,Y
LB100497,Female,Yes,0,Graduate,Yes,74254,114737,1718826,300,1.0,Rural,Y
LB100498,Male,No,2,Graduate,Yes,27006,118639,4780967,120,0.0,Rural,N
LB100499,Female,Yes,0,Not Graduate,No,138171,118248,1729290,240,1.0,Semiurban,Y
